/*
Navicat MySQL Data Transfer

Source Server         : 外网106.75.222.211
Source Server Version : 50639
Source Host           : 106.75.222.211:3306
Source Database       : zhongfu_gcc

Target Server Type    : MYSQL
Target Server Version : 50639
File Encoding         : 65001

Date: 2018-09-30 21:27:00
*/

SET FOREIGN_KEY_CHECKS=0;

-- ----------------------------
-- Table structure for account
-- ----------------------------
DROP TABLE IF EXISTS `account`;
CREATE TABLE `account` (
  `userId` bigint(20) NOT NULL AUTO_INCREMENT,
  `userName` varchar(64) NOT NULL COMMENT '账号',
  `passWord` varchar(64) NOT NULL DEFAULT '123456' COMMENT '密码',
  `telephone` varchar(20) DEFAULT NULL COMMENT '手机号',
  `tourist` tinyint(2) NOT NULL DEFAULT '0' COMMENT '是否游客  1：是 ',
  `appId` int(11) NOT NULL DEFAULT '0' COMMENT '游戏标识',
  `serverListStr` varchar(255) DEFAULT NULL COMMENT '已创号的服务器列表',
  `realName` varchar(20) DEFAULT NULL COMMENT '真实姓名',
  `identity` varchar(50) DEFAULT NULL COMMENT '身份证号码',
  `createTime` datetime NOT NULL COMMENT '充值时间',
  `updateTime` datetime DEFAULT NULL COMMENT '更新时间',
  PRIMARY KEY (`userId`)
) ENGINE=InnoDB AUTO_INCREMENT=1245035302918 DEFAULT CHARSET=utf8 ROW_FORMAT=COMPACT COMMENT='账号表';

-- ----------------------------
-- Records of account
-- ----------------------------
INSERT INTO `account` VALUES ('1216172658689', '337587', '123456', null, '1', '1271', '[1]', null, null, '2018-09-20 10:31:04', null);
INSERT INTO `account` VALUES ('1216172658690', '337595', '123456', null, '1', '1271', '[1]', null, null, '2018-09-20 10:48:54', null);
INSERT INTO `account` VALUES ('1216172658691', '337599', '123456', null, '1', '1271', '[1]', null, null, '2018-09-20 11:00:38', null);
INSERT INTO `account` VALUES ('1216172658692', '337674', '123456', null, '1', '1271', '[1]', null, null, '2018-09-20 14:01:25', null);
INSERT INTO `account` VALUES ('1230890733569', 'xx43244089', '123456', null, '1', '10080', '[1]', null, null, '2018-09-25 15:17:03', null);
INSERT INTO `account` VALUES ('1230890733570', 'xx64908312', '123456', null, '1', '10012', '[1]', null, null, '2018-09-25 15:27:33', null);
INSERT INTO `account` VALUES ('1233227255809', 'xx95276197', '123456', null, '1', '10080', '[1]', null, null, '2018-09-26 11:05:29', null);
INSERT INTO `account` VALUES ('1233420587009', 'xx14420690', '123456', null, '1', '10012', '[1]', null, null, '2018-09-26 12:43:48', null);
INSERT INTO `account` VALUES ('1233420587010', '338716', '123456', null, '1', '1271', null, null, null, '2018-09-26 14:41:13', null);
INSERT INTO `account` VALUES ('1233420587011', 'xx27483305', '123456', null, '1', '10012', '[1]', null, null, '2018-09-27 14:01:37', null);
INSERT INTO `account` VALUES ('1233420587012', '338942', '123456', null, '1', '1271', '[1]', null, null, '2018-09-27 15:44:43', null);
INSERT INTO `account` VALUES ('1233420587013', '338947', '123456', null, '1', '1271', '[1]', null, null, '2018-09-27 15:52:46', null);
INSERT INTO `account` VALUES ('1233420587014', 'xx19739261', '123456', null, '1', '10012', '[1]', null, null, '2018-09-28 10:43:23', null);
INSERT INTO `account` VALUES ('1233420587015', '339256', '123456', null, '1', '1271', '[1]', null, null, '2018-09-29 03:21:18', null);
INSERT INTO `account` VALUES ('1241759715329', 'cl24855324', '123456', null, '1', '11', '[1]', null, null, '2018-09-29 11:25:19', null);
INSERT INTO `account` VALUES ('1241759715330', 'ubk78', '123456', null, '1', '11', '[1]', null, null, '2018-09-29 14:00:26', null);
INSERT INTO `account` VALUES ('1241759715331', 'jzjy389', '123456', null, '1', '11', '[1]', null, null, '2018-09-29 20:25:17', null);
INSERT INTO `account` VALUES ('1245035302913', '18071', '123456', null, '1', '6089', '[1]', null, null, '2018-09-30 15:11:21', null);
INSERT INTO `account` VALUES ('1245035302914', '18074', '123456', null, '1', '6089', '[1]', null, null, '2018-09-30 15:44:24', null);
INSERT INTO `account` VALUES ('1245035302915', '18079', '123456', null, '1', '6089', '[1]', null, null, '2018-09-30 16:37:10', null);
INSERT INTO `account` VALUES ('1245035302916', '18080', '123456', null, '1', '6089', '[1]', null, null, '2018-09-30 17:01:46', null);
INSERT INTO `account` VALUES ('1245035302917', '18095', '123456', null, '1', '6089', '[1]', null, null, '2018-09-30 20:24:31', null);

-- ----------------------------
-- Table structure for actcode
-- ----------------------------
DROP TABLE IF EXISTS `actcode`;
CREATE TABLE `actcode` (
  `id` bigint(20) NOT NULL AUTO_INCREMENT COMMENT '激活码编号',
  `code` varchar(64) NOT NULL COMMENT '激活码',
  `agent` varchar(16) NOT NULL COMMENT '运营商',
  `type` int(4) NOT NULL COMMENT '奖励类型',
  `rewardId` int(4) NOT NULL COMMENT '奖励编号',
  `exclusive` tinyint(2) NOT NULL DEFAULT '1' COMMENT '是否专属运营商',
  `state` tinyint(2) NOT NULL DEFAULT '0' COMMENT '是否已使用(0.未使用 1.已使用)',
  `createTime` datetime NOT NULL,
  `useTime` datetime DEFAULT NULL COMMENT '使用时间',
  `userName` varchar(64) DEFAULT NULL COMMENT '使用者账号',
  PRIMARY KEY (`id`),
  UNIQUE KEY `code` (`code`) USING BTREE
) ENGINE=InnoDB DEFAULT CHARSET=utf8 COMMENT='激活码表';

-- ----------------------------
-- Records of actcode
-- ----------------------------

-- ----------------------------
-- Table structure for config_agent
-- ----------------------------
DROP TABLE IF EXISTS `config_agent`;
CREATE TABLE `config_agent` (
  `agent` varchar(50) NOT NULL COMMENT '代理商标识,和另外一张表关联',
  `loginKey` varchar(100) NOT NULL,
  `chargeKey` varchar(100) NOT NULL,
  `defaultLoginKey` varchar(50) DEFAULT NULL,
  `country` varchar(50) NOT NULL COMMENT '国家',
  `language` varchar(50) NOT NULL COMMENT '语言',
  `chargeIP` varchar(512) DEFAULT NULL COMMENT '充值IP列表',
  `nettyVersion` tinyint(5) DEFAULT '3',
  `actCodeUrl` varchar(64) NOT NULL COMMENT '激活码服url',
  `payUrl` varchar(64) NOT NULL COMMENT '支付地址',
  `accountUrl` varchar(64) NOT NULL COMMENT '登录服地址',
  `fcmSwitch` tinyint(1) NOT NULL DEFAULT '0' COMMENT '防沉迷开关',
  `testSwitch` tinyint(1) NOT NULL DEFAULT '0' COMMENT '内网开关',
  PRIMARY KEY (`agent`)
) ENGINE=InnoDB DEFAULT CHARSET=utf8 COMMENT='平台配置';

-- ----------------------------
-- Records of config_agent
-- ----------------------------
INSERT INTO `config_agent` VALUES ('zhongfu', 'QYQDGAMEDshEFWOKE7Y6GAEDE-WAN-0668-2625-7DGAMESZEFovDDe777', 'QYQDGAME6ANOKEYGa668ddddSHEN-2535-7DGAME-GGWIWI-loWgTw7ET2', 'DGAMEASDWDSHEN-16TQASDEDE-W33TT', 'CN', 'zh', '*', '4', 'http://10.25.219.23:9800/code', 'http://10.25.219.23:9003/pay', 'http://10.25.219.23:8003', '0', '1');

-- ----------------------------
-- Table structure for config_server
-- ----------------------------
DROP TABLE IF EXISTS `config_server`;
CREATE TABLE `config_server` (
  `serverNo` int(6) NOT NULL COMMENT '服务器编号',
  `serverName` varchar(32) NOT NULL COMMENT '服务器名称',
  `agent` varchar(32) NOT NULL COMMENT '代理商',
  `gameSite` varchar(128) NOT NULL COMMENT '游戏站点',
  `gameHost` varchar(64) NOT NULL COMMENT '游戏服的IP',
  `gameInnerIp` varchar(64) NOT NULL COMMENT '主机内网ＩＰ',
  `gamePort` int(6) NOT NULL COMMENT '游戏服的端口',
  `webPort` int(6) NOT NULL COMMENT 'WEB服务的端口',
  `assets` varchar(256) NOT NULL COMMENT '素材路径',
  `openServerDate` varchar(64) NOT NULL COMMENT '开服日期',
  `megerServerDate` varchar(64) DEFAULT NULL COMMENT '合服时间',
  `state` smallint(2) NOT NULL DEFAULT '1' COMMENT '状态（0停止使用 1正常使用）',
  `severState` smallint(2) NOT NULL DEFAULT '1' COMMENT '服务器状态(0.测试 1.流畅2：拥挤3.火爆  4.维护中 5.关闭)',
  `severType` smallint(2) NOT NULL DEFAULT '0' COMMENT '服务器类型(0.普通 1.新服 2.推荐)',
  `endStopDate` varchar(64) DEFAULT NULL COMMENT '维护结束时间',
  `megerFlag` tinyint(2) NOT NULL DEFAULT '0' COMMENT '是否被合服'
) ENGINE=InnoDB DEFAULT CHARSET=utf8 COMMENT='服务器配置';

-- ----------------------------
-- Records of config_server
-- ----------------------------
INSERT INTO `config_server` VALUES ('1', '1服', 'zhongfu', 'zhongfu_0001', '106.75.222.211', '10.25.219.23', '8503', '9503', '', '2018-09-19 10:00:00', null, '1', '3', '2', null, '0');

-- ----------------------------
-- Table structure for log_pay
-- ----------------------------
DROP TABLE IF EXISTS `log_pay`;
CREATE TABLE `log_pay` (
  `logId` bigint(20) NOT NULL AUTO_INCREMENT,
  `userId` bigint(20) NOT NULL COMMENT '用户账户',
  `playerId` bigint(20) NOT NULL COMMENT '玩家编号',
  `platform` varchar(30) DEFAULT NULL COMMENT '支付渠道',
  `paySite` varchar(30) NOT NULL COMMENT '充值站点',
  `outOrderNo` varchar(255) DEFAULT NULL COMMENT '自己的订单号',
  `orderNo` varchar(255) DEFAULT NULL COMMENT '支付平台订单号',
  `money` int(11) NOT NULL COMMENT '金额',
  `payType` tinyint(2) NOT NULL DEFAULT '0' COMMENT '支付类型 1:支付宝 2：微信 3：苹果  4：其他',
  `payItemId` varchar(50) NOT NULL COMMENT '购买的商品编号',
  `payUrl` text NOT NULL COMMENT '充值链接参数',
  `state` tinyint(2) NOT NULL DEFAULT '0' COMMENT ' 订单状态   0:支付唤起  1:支付关闭  2：支付成功 3：支付结束 ',
  `createTime` datetime NOT NULL COMMENT '充值时间',
  `updateTime` datetime DEFAULT NULL COMMENT '更新时间',
  PRIMARY KEY (`logId`)
) ENGINE=InnoDB AUTO_INCREMENT=1725250507210757 DEFAULT CHARSET=utf8 ROW_FORMAT=COMPACT COMMENT='支付记录';

-- ----------------------------
-- Records of log_pay
-- ----------------------------
INSERT INTO `log_pay` VALUES ('757709231128577', '1245035302915', '18837221605379', 'zhongfu_6089', 'zhongfu_0001', '18837222031377', '15382974503686880790001', '30', '3', '102', '{ext=[1245035302915|zhongfu_0001|18837221605379|102|3|30|18837222031377|3D2786111818AC36633DA540FB51321C],mem_id=[18079],sign=[1236745251b9644edd136818502765ea],payway=[苹果支付],product_price=[30.00],product_name=[充值30元],pay_time=[1538297450],order_status=[2],cp_order_id=[18837222031377],product_id=[com.mmo.yb.stxxz_102],app_id=[6089],order_id=[15382974503686880790001]}', '0', '2018-09-30 16:51:01', null);
INSERT INTO `log_pay` VALUES ('757709231128578', '1245035302915', '18837221605379', 'zhongfu_6089', 'zhongfu_0001', '18837222031379', '15382975161134580790001', '12', '3', '302', '{ext=[1245035302915|zhongfu_0001|18837221605379|302|3|12|18837222031379|1059802814E90AFBFD6DC6DB83661A80],mem_id=[18079],sign=[ed5db750336e9e81eaef08dcdd8fd80e],payway=[苹果支付],product_price=[12.00],product_name=[白银半月卡],pay_time=[1538297516],order_status=[2],cp_order_id=[18837222031379],product_id=[com.mmo.by.stxxz_302],app_id=[6089],order_id=[15382975161134580790001]}', '0', '2018-09-30 16:52:06', null);
INSERT INTO `log_pay` VALUES ('757709231128579', '1245035302915', '18837221605379', 'zhongfu_6089', 'zhongfu_0001', '18837222031382', '15382975916942080790001', '238', '3', '105', '{ext=[1245035302915|zhongfu_0001|18837221605379|105|3|238|18837222031382|5DE6DCA5AA658E4368FD7F6FDA0AFE0E],mem_id=[18079],sign=[77c7e35a2194c9c4c64af1d55b179cdd],payway=[苹果支付],product_price=[238.00],product_name=[充值238元],pay_time=[1538297592],order_status=[2],cp_order_id=[18837222031382],product_id=[com.mmo.yb.stxxz_105],app_id=[6089],order_id=[15382975916942080790001]}', '0', '2018-09-30 16:53:22', null);
INSERT INTO `log_pay` VALUES ('757709231128580', '1245035302915', '18837221605379', 'zhongfu_6089', 'zhongfu_0001', '18837222031383', '15382976153071280790001', '238', '3', '105', '{ext=[1245035302915|zhongfu_0001|18837221605379|105|3|238|18837222031383|0CE0586B41992F2C1D230E39FFB8258E],mem_id=[18079],sign=[235ca5b5b74c21e5dd187572dad00018],payway=[苹果支付],product_price=[238.00],product_name=[充值238元],pay_time=[1538297615],order_status=[2],cp_order_id=[18837222031383],product_id=[com.mmo.yb.stxxz_105],app_id=[6089],order_id=[15382976153071280790001]}', '0', '2018-09-30 16:53:45', null);
INSERT INTO `log_pay` VALUES ('757709231128581', '1245035302915', '18837221605379', 'zhongfu_6089', 'zhongfu_0001', '18837222031384', '15382976302258580790001', '238', '3', '105', '{ext=[1245035302915|zhongfu_0001|18837221605379|105|3|238|18837222031384|FF24287B66E6C255E7D1E82177857FC2],mem_id=[18079],sign=[d0433804574342b2c6ef94924868ef09],payway=[苹果支付],product_price=[238.00],product_name=[充值238元],pay_time=[1538297630],order_status=[2],cp_order_id=[18837222031384],product_id=[com.mmo.yb.stxxz_105],app_id=[6089],order_id=[15382976302258580790001]}', '0', '2018-09-30 16:54:00', null);
INSERT INTO `log_pay` VALUES ('757709231128582', '1245035302915', '18837221605379', 'zhongfu_6089', 'zhongfu_0001', '18837222031388', '15382976774343880790001', '30', '3', '102', '{ext=[1245035302915|zhongfu_0001|18837221605379|102|3|30|18837222031388|7E0D8CAEF75F1603498C89C2FCF48646],mem_id=[18079],sign=[a785acff0abeedc8208332a53788339f],payway=[苹果支付],product_price=[30.00],product_name=[充值30元],pay_time=[1538297677],order_status=[2],cp_order_id=[18837222031388],product_id=[com.mmo.yb.stxxz_102],app_id=[6089],order_id=[15382976774343880790001]}', '0', '2018-09-30 16:54:47', null);
INSERT INTO `log_pay` VALUES ('757709231128583', '1245035302915', '18837221605379', 'zhongfu_6089', 'zhongfu_0001', '18837222031389', '15382976888604880790001', '238', '3', '105', '{ext=[1245035302915|zhongfu_0001|18837221605379|105|3|238|18837222031389|6B721B7C3D4DABD634ED42EE23130D2F],mem_id=[18079],sign=[f3c4680292f86f3ab62aa8192beb16bf],payway=[苹果支付],product_price=[238.00],product_name=[充值238元],pay_time=[1538297689],order_status=[2],cp_order_id=[18837222031389],product_id=[com.mmo.yb.stxxz_105],app_id=[6089],order_id=[15382976888604880790001]}', '0', '2018-09-30 16:54:59', null);
INSERT INTO `log_pay` VALUES ('757709231128584', '1245035302915', '18837221605379', 'zhongfu_6089', 'zhongfu_0001', '18837222031392', '15382977888553680790001', '98', '3', '103', '{ext=[1245035302915|zhongfu_0001|18837221605379|103|3|98|18837222031392|BDD1CBBF1765657BA9BD43BD62B9702F],mem_id=[18079],sign=[5dd799a46ca0992d52fb1c7d02ea36b1],payway=[苹果支付],product_price=[98.00],product_name=[充值98元],pay_time=[1538297789],order_status=[2],cp_order_id=[18837222031392],product_id=[com.mmo.yb.stxxz_103],app_id=[6089],order_id=[15382977888553680790001]}', '0', '2018-09-30 16:56:39', null);
INSERT INTO `log_pay` VALUES ('757709231128585', '1245035302915', '18837221605379', 'zhongfu_6089', 'zhongfu_0001', '18837222031393', '15382978002533480790001', '98', '3', '103', '{ext=[1245035302915|zhongfu_0001|18837221605379|103|3|98|18837222031393|1DA024F0AABC352CDD03863D65E0FF8B],mem_id=[18079],sign=[193e89d4d77b41d5b2a802f491406f0b],payway=[苹果支付],product_price=[98.00],product_name=[充值98元],pay_time=[1538297800],order_status=[2],cp_order_id=[18837222031393],product_id=[com.mmo.yb.stxxz_103],app_id=[6089],order_id=[15382978002533480790001]}', '0', '2018-09-30 16:56:52', null);
INSERT INTO `log_pay` VALUES ('757709231128586', '1245035302915', '18837221605379', 'zhongfu_6089', 'zhongfu_0001', '18837222031378', '15382974955676480790001', '25', '3', '303', '{ext=[1245035302915|zhongfu_0001|18837221605379|303|3|25|18837222031378|393E151A303F247878B75B8803EEE2A6],mem_id=[18079],sign=[6d086b67dec3a4abe1b83ca40ccac72e],payway=[苹果支付],product_price=[25.00],product_name=[黄金月卡],pay_time=[1538297495],order_status=[2],cp_order_id=[18837222031378],product_id=[com.mmo.hj.stxxz_303],app_id=[6089],order_id=[15382974955676480790001]}', '0', '2018-09-30 17:09:56', null);
INSERT INTO `log_pay` VALUES ('757709231128587', '1245035302915', '18837221605379', 'zhongfu_6089', 'zhongfu_0001', '18837222031387', '15382976655589680790001', '6', '3', '101', '{ext=[1245035302915|zhongfu_0001|18837221605379|101|3|6|18837222031387|FB02EA0454F8B1F9799FA77A3C22A1E7],mem_id=[18079],sign=[610d00ed8eb3bccb786bc8e719d3d498],payway=[苹果支付],product_price=[6.00],product_name=[充值6元],pay_time=[1538297665],order_status=[2],cp_order_id=[18837222031387],product_id=[com.mmo.yb.stxxz_101],app_id=[6089],order_id=[15382976655589680790001]}', '0', '2018-09-30 17:10:03', null);
INSERT INTO `log_pay` VALUES ('757709231128588', '1245035302915', '18837221605379', 'zhongfu_6089', 'zhongfu_0001', '18837222031391', '15382977214379080790001', '648', '3', '107', '{ext=[1245035302915|zhongfu_0001|18837221605379|107|3|648|18837222031391|9D0B4B81E48583A74CE2170E080C130A],mem_id=[18079],sign=[4daaf84e910aa3b1914da49c95e486e4],payway=[苹果支付],product_price=[648.00],product_name=[充值648元],pay_time=[1538297721],order_status=[2],cp_order_id=[18837222031391],product_id=[com.mmo.yb.stxxz_107],app_id=[6089],order_id=[15382977214379080790001]}', '0', '2018-09-30 17:10:09', null);
INSERT INTO `log_pay` VALUES ('757709231128589', '1245035302915', '18837221605379', 'zhongfu_6089', 'zhongfu_0001', '18837222031395', '15382978131536580790001', '168', '3', '104', '{ext=[1245035302915|zhongfu_0001|18837221605379|104|3|168|18837222031395|DBB1A673586941F0C38858B8AD245816],mem_id=[18079],sign=[a80c2b463e6532bf13cc3d724466a2eb],payway=[苹果支付],product_price=[168.00],product_name=[充值168元],pay_time=[1538297813],order_status=[2],cp_order_id=[18837222031395],product_id=[com.mmo.yb.stxxz_104],app_id=[6089],order_id=[15382978131536580790001]}', '0', '2018-09-30 17:10:15', null);
INSERT INTO `log_pay` VALUES ('757709231128590', '1245035302916', '18837221605380', 'zhongfu_6089', 'zhongfu_0001', '18837222031397', '15382981323832680800001', '25', '3', '303', '{ext=[1245035302916|zhongfu_0001|18837221605380|303|3|25|18837222031397|F2B37930928D2300E122FE692BE7AF8C],mem_id=[18080],sign=[727e46282b9ba4f20e1d103065f67c27],payway=[苹果支付],product_price=[25.00],product_name=[黄金月卡],pay_time=[1538298132],order_status=[2],cp_order_id=[18837222031397],product_id=[com.mmo.hj.stxxz_303],app_id=[6089],order_id=[15382981323832680800001]}', '0', '2018-09-30 17:10:21', null);
INSERT INTO `log_pay` VALUES ('757709231128591', '1245035302916', '18837221605380', 'zhongfu_6089', 'zhongfu_0001', '18837222031398', '15382981499472480800001', '6', '3', '101', '{ext=[1245035302916|zhongfu_0001|18837221605380|101|3|6|18837222031398|9B69DC09FA344DCAD0BAF8AE81ECFB15],mem_id=[18080],sign=[9ca76c9558009fdc268d71462796badd],payway=[苹果支付],product_price=[6.00],product_name=[充值6元],pay_time=[1538298150],order_status=[2],cp_order_id=[18837222031398],product_id=[com.mmo.yb.stxxz_101],app_id=[6089],order_id=[15382981499472480800001]}', '0', '2018-09-30 17:10:27', null);
INSERT INTO `log_pay` VALUES ('757709231128592', '1245035302916', '18837221605380', 'zhongfu_6089', 'zhongfu_0001', '18837222031399', '15382982389643380800001', '6', '3', '101', '{ext=[1245035302916|zhongfu_0001|18837221605380|101|3|6|18837222031399|A4AC4BFCBE73D688F756A6DD0681E2F1],mem_id=[18080],sign=[7f4bec6b755a3f9e168a3df89ec7423b],payway=[苹果支付],product_price=[6.00],product_name=[充值6元],pay_time=[1538298239],order_status=[2],cp_order_id=[18837222031399],product_id=[com.mmo.yb.stxxz_101],app_id=[6089],order_id=[15382982389643380800001]}', '0', '2018-09-30 17:10:33', null);
INSERT INTO `log_pay` VALUES ('757709231128593', '1245035302916', '18837221605380', 'zhongfu_6089', 'zhongfu_0001', '18837222031400', '15382983987218880800001', '648', '3', '107', '{ext=[1245035302916|zhongfu_0001|18837221605380|107|3|648|18837222031400|C498BB418C58B26F6687C24C52C14EB4],mem_id=[18080],sign=[f23ec211312360544f42cef5bca00cad],payway=[苹果支付],product_price=[648.00],product_name=[充值648元],pay_time=[1538298399],order_status=[2],cp_order_id=[18837222031400],product_id=[com.mmo.yb.stxxz_107],app_id=[6089],order_id=[15382983987218880800001]}', '0', '2018-09-30 17:10:45', null);
INSERT INTO `log_pay` VALUES ('757709231128594', '1245035302917', '18837221605381', 'zhongfu_6089', 'zhongfu_0001', '18837222031402', '15383102919864080950001', '6', '3', '101', '{ext=[1245035302917|zhongfu_0001|18837221605381|101|3|6|18837222031402|E06DFD834499B77FDB8D5266CA8408F6],mem_id=[18095],sign=[bf28c8d6028ede985c89533eaf2832a5],payway=[苹果支付],product_price=[6.00],product_name=[充值6元],pay_time=[1538310292],order_status=[2],cp_order_id=[18837222031402],product_id=[com.mmo.yb.stxxz_101],app_id=[6089],order_id=[15383102919864080950001]}', '0', '2018-09-30 20:25:44', null);
INSERT INTO `log_pay` VALUES ('757709231128595', '1245035302917', '18837221605381', 'zhongfu_6089', 'zhongfu_0001', '18837222031403', '15383103464624680950001', '30', '3', '102', '{ext=[1245035302917|zhongfu_0001|18837221605381|102|3|30|18837222031403|8A4D2D0D87CA9E09D2D1E453C5E9E376],mem_id=[18095],sign=[4950573998f996d5b6459f73bfd1e990],payway=[苹果支付],product_price=[30.00],product_name=[充值30元],pay_time=[1538310346],order_status=[2],cp_order_id=[18837222031403],product_id=[com.mmo.yb.stxxz_102],app_id=[6089],order_id=[15383103464624680950001]}', '0', '2018-09-30 20:25:56', null);
INSERT INTO `log_pay` VALUES ('757709231128596', '1245035302917', '18837221605381', 'zhongfu_6089', 'zhongfu_0001', '18837222031404', '15383103574826280950001', '98', '3', '103', '{ext=[1245035302917|zhongfu_0001|18837221605381|103|3|98|18837222031404|01C4B297D649CC8FBD43C8E6911473A0],mem_id=[18095],sign=[2d3927f5baa29f2bb2422fc33d720060],payway=[苹果支付],product_price=[98.00],product_name=[充值98元],pay_time=[1538310357],order_status=[2],cp_order_id=[18837222031404],product_id=[com.mmo.yb.stxxz_103],app_id=[6089],order_id=[15383103574826280950001]}', '0', '2018-09-30 20:26:09', null);
INSERT INTO `log_pay` VALUES ('757709231128597', '1245035302917', '18837221605381', 'zhongfu_6089', 'zhongfu_0001', '18837222031405', '15383103695272080950001', '168', '3', '104', '{ext=[1245035302917|zhongfu_0001|18837221605381|104|3|168|18837222031405|8706CAE4561A13193B7D9F2A5753D425],mem_id=[18095],sign=[dd2ca818eaa81edc8c8bb1acc65f066f],payway=[苹果支付],product_price=[168.00],product_name=[充值168元],pay_time=[1538310369],order_status=[2],cp_order_id=[18837222031405],product_id=[com.mmo.yb.stxxz_104],app_id=[6089],order_id=[15383103695272080950001]}', '0', '2018-09-30 20:26:21', null);
INSERT INTO `log_pay` VALUES ('757709231128598', '1245035302917', '18837221605381', 'zhongfu_6089', 'zhongfu_0001', '18837222031406', '15383103834292680950001', '238', '3', '105', '{ext=[1245035302917|zhongfu_0001|18837221605381|105|3|238|18837222031406|4CDE5B6A1F116D7501E23311ECE233E0],mem_id=[18095],sign=[c3c15cac2ed790532f28f7ffcbed1eb1],payway=[苹果支付],product_price=[238.00],product_name=[充值238元],pay_time=[1538310383],order_status=[2],cp_order_id=[18837222031406],product_id=[com.mmo.yb.stxxz_105],app_id=[6089],order_id=[15383103834292680950001]}', '0', '2018-09-30 20:26:35', null);
INSERT INTO `log_pay` VALUES ('757709231128599', '1245035302917', '18837221605381', 'zhongfu_6089', 'zhongfu_0001', '18837222031407', '15383103960612380950001', '328', '3', '106', '{ext=[1245035302917|zhongfu_0001|18837221605381|106|3|328|18837222031407|42E2C15A66594F04140460ADF013E4AD],mem_id=[18095],sign=[3da9a3754eb57eefafe406f082b294a7],payway=[苹果支付],product_price=[328.00],product_name=[充值328元],pay_time=[1538310396],order_status=[2],cp_order_id=[18837222031407],product_id=[com.mmo.yb.stxxz_106],app_id=[6089],order_id=[15383103960612380950001]}', '0', '2018-09-30 20:26:47', null);
INSERT INTO `log_pay` VALUES ('757709231128600', '1245035302917', '18837221605381', 'zhongfu_6089', 'zhongfu_0001', '18837222031408', '15383104111905280950001', '648', '3', '107', '{ext=[1245035302917|zhongfu_0001|18837221605381|107|3|648|18837222031408|1B044571AA1ABDD1981C78040B2DDB62],mem_id=[18095],sign=[2f25c6ba2c7c1a80d663704fbc26e73e],payway=[苹果支付],product_price=[648.00],product_name=[充值648元],pay_time=[1538310411],order_status=[2],cp_order_id=[18837222031408],product_id=[com.mmo.yb.stxxz_107],app_id=[6089],order_id=[15383104111905280950001]}', '0', '2018-09-30 20:27:01', null);
INSERT INTO `log_pay` VALUES ('757709231128601', '1245035302917', '18837221605381', 'zhongfu_6089', 'zhongfu_0001', '18837222031409', '15383104238645880950001', '25', '3', '303', '{ext=[1245035302917|zhongfu_0001|18837221605381|303|3|25|18837222031409|DABCF7B460809298F17E4C3A8C3093DD],mem_id=[18095],sign=[c55dbf3a7dc826e7a8eaa47cb60b0d2e],payway=[苹果支付],product_price=[25.00],product_name=[黄金月卡],pay_time=[1538310424],order_status=[2],cp_order_id=[18837222031409],product_id=[com.mmo.hj.stxxz_303],app_id=[6089],order_id=[15383104238645880950001]}', '0', '2018-09-30 20:27:15', null);
INSERT INTO `log_pay` VALUES ('757709231128602', '1245035302917', '18837221605381', 'zhongfu_6089', 'zhongfu_0001', '18837222031410', '15383104362774380950001', '12', '3', '302', '{ext=[1245035302917|zhongfu_0001|18837221605381|302|3|12|18837222031410|095B8E1AD6BB7E791246866596D6C514],mem_id=[18095],sign=[b2c51e4b68afcf64b07165a5a8602ea4],payway=[苹果支付],product_price=[12.00],product_name=[白银半月卡],pay_time=[1538310436],order_status=[2],cp_order_id=[18837222031410],product_id=[com.mmo.by.stxxz_302],app_id=[6089],order_id=[15383104362774380950001]}', '0', '2018-09-30 20:27:27', null);
INSERT INTO `log_pay` VALUES ('757709231128603', '1245035302917', '18837221605381', 'zhongfu_6089', 'zhongfu_0001', '18837222031411', '15383104483759280950001', '6', '3', '301', '{ext=[1245035302917|zhongfu_0001|18837221605381|301|3|6|18837222031411|7B018672ADC40D190DEFD3EA7F5B076C],mem_id=[18095],sign=[3c1f34066e870643a6309670f64d5fc5],payway=[苹果支付],product_price=[6.00],product_name=[青铜周卡],pay_time=[1538310448],order_status=[2],cp_order_id=[18837222031411],product_id=[com.mmo.qt.stxxz_301],app_id=[6089],order_id=[15383104483759280950001]}', '0', '2018-09-30 20:27:39', null);
INSERT INTO `log_pay` VALUES ('810456837357569', '1216172658691', '18808358895619', 'zhongfu_1271', 'zhongfu_0001', '18808359944201', '201809201125127190', '6', '3', '101', 'amount=6.00&appid=1271&charid=18808358895619&cporderid=18808359944201&extinfo=1216172658691%257Czhongfu_0001%257C18808358895619%257C101%257C3%257C6%257C18808359944201%257CFBC60373533EDD2D9EBB91ACABC3DF43&gold=0&orderid=201809201125127190&serverid=0&time=1537413918&uid=453413177383&sign=686f1996efa4ca1c3232b0e7edb6097d', '0', '2018-09-20 11:25:18', null);
INSERT INTO `log_pay` VALUES ('810456837357570', '1216172658691', '18808358895619', 'zhongfu_1271', 'zhongfu_0001', '18808359944197', '201809201117326290', '6', '3', '101', 'amount=6.00&appid=1271&charid=18808358895619&cporderid=18808359944197&extinfo=1216172658691%257Czhongfu_0001%257C18808358895619%257C101%257C3%257C6%257C18808359944197%257CB5618D6B32C3CC74B3B5E285DDDE6B19&gold=0&orderid=201809201117326290&serverid=0&time=1537414022&uid=453413177383&sign=3f5a014b01b513433a7081868130bfab', '0', '2018-09-20 11:27:02', null);
INSERT INTO `log_pay` VALUES ('810456837357571', '1216172658691', '18808358895619', 'zhongfu_1271', 'zhongfu_0001', '18808473354241', '201809201129222890', '6', '3', '101', 'amount=6.00&appid=1271&charid=18808358895619&cporderid=18808473354241&extinfo=1216172658691%257Czhongfu_0001%257C18808358895619%257C101%257C3%257C6%257C18808473354241%257C9CA5FC489A0990EFC8962AE4D03E5478&gold=0&orderid=201809201129222890&serverid=0&time=1537414169&uid=453413177383&sign=53a407b88b7d5fda72841bf69a6bb36c', '0', '2018-09-20 11:29:30', null);
INSERT INTO `log_pay` VALUES ('810456837357572', '1216172658691', '18808358895619', 'zhongfu_1271', 'zhongfu_0001', '18808473354242', '201809201129338990', '30', '3', '102', 'amount=30.00&appid=1271&charid=18808358895619&cporderid=18808473354242&extinfo=1216172658691%257Czhongfu_0001%257C18808358895619%257C102%257C3%257C30%257C18808473354242%257CF6FC7EC3F1664917D19E574DA0F75DA7&gold=0&orderid=201809201129338990&serverid=0&time=1537414178&uid=453413177383&sign=80e49c67ac2f8ffabc6a382acce7bea0', '0', '2018-09-20 11:29:38', null);
INSERT INTO `log_pay` VALUES ('880842656841729', '1233227255809', '18808772788229', 'zhongfu_10080', 'zhongfu_0001', '18808473354556', '5bab068d0264b0e4ce93a234', '30', '3', '102', 'applePay=1&goodsId=1233227255809%7Czhongfu_0001%7C18808772788229%7C102%7C3%7C30%7C18808473354556%7CD1786ECD3356060A863DC94996CCF032&goodsName=%E5%85%85%E5%80%BC30%E5%85%83&payOrderId=5bab068d0264b0e4ce93a234&payPrice=3000&payStatus=1&userId=xx95276197&sign=335ce0ab134901927cc87f768d6c6e6b', '0', '2018-09-26 12:10:16', null);
INSERT INTO `log_pay` VALUES ('880842656841730', '1233227255809', '18808772788229', 'zhongfu_10080', 'zhongfu_0001', '18808473354549', '5baaf8f90264b0e4c693a234', '6', '3', '101', 'applePay=1&goodsId=1233227255809%7Czhongfu_0001%7C18808772788229%7C101%7C3%7C6%7C18808473354549%7C407BF368829A767C6FF8C97F9DA16DC4&goodsName=%E5%85%85%E5%80%BC6%E5%85%83&payOrderId=5baaf8f90264b0e4c693a234&payPrice=600&payStatus=0&userId=xx95276197&sign=1a77ba2b0f9389ea111e180454580ed6', '0', '2018-09-26 12:13:16', null);
INSERT INTO `log_pay` VALUES ('880842656841731', '1233227255809', '18808772788229', 'zhongfu_10080', 'zhongfu_0001', '18808473354550', '5baaf9ac0264b0e4c893a234', '6', '3', '101', 'applePay=1&goodsId=1233227255809%7Czhongfu_0001%7C18808772788229%7C101%7C3%7C6%7C18808473354550%7CB58C4CC63E72046655F68A7A88F0453B&goodsName=%E5%85%85%E5%80%BC6%E5%85%83&payOrderId=5baaf9ac0264b0e4c893a234&payPrice=600&payStatus=1&userId=xx95276197&sign=ec150acb5cd73a257d02408222048af7', '0', '2018-09-26 12:19:03', null);
INSERT INTO `log_pay` VALUES ('880842656841732', '1233227255809', '18808772788229', 'zhongfu_10080', 'zhongfu_0001', '18808473354555', '5bab024a0264b0e4cd93a234', '6', '3', '101', 'applePay=1&goodsId=1233227255809%7Czhongfu_0001%7C18808772788229%7C101%7C3%7C6%7C18808473354555%7CF3A59F1E890762C0B225C42F0ABD41B7&goodsName=%E5%85%85%E5%80%BC6%E5%85%83&payOrderId=5bab024a0264b0e4cd93a234&payPrice=600&payStatus=1&userId=xx95276197&sign=8aae8bcb4f1cd96b01c4188c25c49a9a', '0', '2018-09-26 12:25:58', null);
INSERT INTO `log_pay` VALUES ('880842656841733', '1233227255809', '18808772788229', 'zhongfu_10080', 'zhongfu_0001', '18808473354551', '5baafb7f0264b0e4c993a234', '6', '3', '101', 'applePay=1&goodsId=1233227255809%7Czhongfu_0001%7C18808772788229%7C101%7C3%7C6%7C18808473354551%7C52395FA5A6B3AC6D9CA92F70DD79AD1C&goodsName=%E5%85%85%E5%80%BC6%E5%85%83&payOrderId=5baafb7f0264b0e4c993a234&payPrice=600&payStatus=1&userId=xx95276197&sign=1583a4f8a01d8e84bfc633da61f81891', '0', '2018-09-26 12:26:49', null);
INSERT INTO `log_pay` VALUES ('880842656841734', '1233227255809', '18808772788229', 'zhongfu_10080', 'zhongfu_0001', '18808473354552', '5baafc5c0264b0e4ca93a234', '6', '3', '101', 'applePay=1&goodsId=1233227255809%7Czhongfu_0001%7C18808772788229%7C101%7C3%7C6%7C18808473354552%7C5F149ABAC9DAED3CCD2D05A63EB26592&goodsName=%E5%85%85%E5%80%BC6%E5%85%83&payOrderId=5baafc5c0264b0e4ca93a234&payPrice=600&payStatus=1&userId=xx95276197&sign=70dba2b35485899206be04a8fd47c2be', '0', '2018-09-26 12:30:29', null);
INSERT INTO `log_pay` VALUES ('880842656841735', '1233227255809', '18808772788229', 'zhongfu_10080', 'zhongfu_0001', '18808473354579', '5bab46c80264b0e4ea93a234', '328', '3', '106', 'applePay=1&goodsId=1233227255809%7Czhongfu_0001%7C18808772788229%7C106%7C3%7C328%7C18808473354579%7C476645E1D87B0EE5DEADC538BDE428D5&goodsName=%E5%85%85%E5%80%BC328%E5%85%83&payOrderId=5bab46c80264b0e4ea93a234&payPrice=32800&payStatus=0&userId=xx95276197&sign=ab5acea732eb70cf196ac7879db118e6', '0', '2018-09-26 16:43:56', null);
INSERT INTO `log_pay` VALUES ('880842656841736', '1233227255809', '18808772788229', 'zhongfu_10080', 'zhongfu_0001', '18808473354580', '5bab46df0264b0e4eb93a234', '25', '3', '303', 'applePay=1&goodsId=1233227255809%7Czhongfu_0001%7C18808772788229%7C303%7C3%7C25%7C18808473354580%7CA589C3EDB6B0AF32500D06925163A281&goodsName=%E9%BB%84%E9%87%91%E6%9C%88%E5%8D%A1&payOrderId=5bab46df0264b0e4eb93a234&payPrice=2500&payStatus=1&userId=xx95276197&sign=14dc4bfdb42f24855df984e8d58b342f', '0', '2018-09-26 16:44:20', null);
INSERT INTO `log_pay` VALUES ('880842656841737', '1233227255809', '18808772788229', 'zhongfu_10080', 'zhongfu_0001', '18808473354581', '5bab47120264b0e4ec93a234', '12', '3', '302', 'applePay=1&goodsId=1233227255809%7Czhongfu_0001%7C18808772788229%7C302%7C3%7C12%7C18808473354581%7C5CA5B620E8496B840D9C4111CFAAD8C5&goodsName=%E7%99%BD%E9%93%B6%E5%8D%8A%E6%9C%88%E5%8D%A1&payOrderId=5bab47120264b0e4ec93a234&payPrice=1200&payStatus=0&userId=xx95276197&sign=5fadf01e7a903054aed8e1715f3dc352', '0', '2018-09-26 16:45:07', null);
INSERT INTO `log_pay` VALUES ('880842656841738', '1233227255809', '18808772788229', 'zhongfu_10080', 'zhongfu_0001', '18808473354583', '5bab471e0264b0e4ee93a234', '6', '3', '301', 'applePay=1&goodsId=1233227255809%7Czhongfu_0001%7C18808772788229%7C301%7C3%7C6%7C18808473354583%7C76AA5323ADCC9BC2B4E839F34A82C222&goodsName=%E9%9D%92%E9%93%9C%E5%91%A8%E5%8D%A1&payOrderId=5bab471e0264b0e4ee93a234&payPrice=600&payStatus=1&userId=xx95276197&sign=11b35ab1769292f7718e6d04f7cf0fe7', '0', '2018-09-26 16:45:32', null);
INSERT INTO `log_pay` VALUES ('880842656841739', '1233227255809', '18808772788229', 'zhongfu_10080', 'zhongfu_0001', '18808473354584', '5bab47520264b0e4ef93a234', '12', '3', '302', 'applePay=1&goodsId=1233227255809%7Czhongfu_0001%7C18808772788229%7C302%7C3%7C12%7C18808473354584%7C3741FE7AC720DB3FCC0D328189DDB991&goodsName=%E7%99%BD%E9%93%B6%E5%8D%8A%E6%9C%88%E5%8D%A1&payOrderId=5bab47520264b0e4ef93a234&payPrice=1200&payStatus=1&userId=xx95276197&sign=7fea4c979513d9cca583b250f3ba7732', '0', '2018-09-26 16:46:14', null);
INSERT INTO `log_pay` VALUES ('880842656841740', '1233420587011', '18808772788231', 'zhongfu_10012', 'zhongfu_0001', '18808473354588', '5bac72840264b0e4fe93a234', '6', '3', '101', 'applePay=1&goodsId=1233420587011%7Czhongfu_0001%7C18808772788231%7C101%7C3%7C6%7C18808473354588%7CA596DAC2EF252EFD99FF9BA3EBF644C7&goodsName=%E5%85%85%E5%80%BC6%E5%85%83&payOrderId=5bac72840264b0e4fe93a234&payPrice=600&payStatus=1&userId=xx27483305&sign=2182f0828cb944029c43413a8e0afad0', '0', '2018-09-27 14:03:47', null);
INSERT INTO `log_pay` VALUES ('880842656841741', '1233420587015', '18808772788236', 'zhongfu_1271', 'zhongfu_0001', '18808473354594', '201809290340162790', '6', '3', '101', 'amount=6.00&appid=1271&charid=18808772788236&cporderid=18808473354594&extinfo=1233420587015%257Czhongfu_0001%257C18808772788236%257C101%257C3%257C6%257C18808473354594%257C7D2CB56531B4A59F88F68C8591260686&gold=0&orderid=201809290340162790&serverid=0&time=1538163628&uid=450317376268&sign=4b0f77f4c4a6460c3bacba3aa75f0925', '0', '2018-09-29 03:40:29', null);
INSERT INTO `log_pay` VALUES ('1391025132830721', '1241759715329', '18808772788237', 'zhongfu_11', 'zhongfu_0001', '18808473354637', '0020180929170849456489', '6', '3', '101', '1241759715329|zhongfu_0001|18808772788237|101|3|6|18808473354637|CA5FAA1F500E59B6EA4D364EE73BDFED', '0', '2018-09-29 17:08:57', null);
INSERT INTO `log_pay` VALUES ('1391025132830722', '1241759715329', '18808772788237', 'zhongfu_11', 'zhongfu_0001', '18808473354638', '0020180929170917787715', '168', '3', '104', '1241759715329|zhongfu_0001|18808772788237|104|3|168|18808473354638|1E4F0AD9A136197AB5FC6308327155D7', '0', '2018-09-29 17:09:25', null);
INSERT INTO `log_pay` VALUES ('1391025132830723', '1241759715329', '18808772788237', 'zhongfu_11', 'zhongfu_0001', '18808473354639', '0020180929170931446492', '6', '3', '101', '1241759715329|zhongfu_0001|18808772788237|101|3|6|18808473354639|DA49C21D13DE158468FA873F717ABBB8', '0', '2018-09-29 17:09:38', null);
INSERT INTO `log_pay` VALUES ('1391025132830724', '1241759715329', '18808772788237', 'zhongfu_11', 'zhongfu_0001', '18808473354640', '0020180929170953395629', '25', '3', '303', '1241759715329|zhongfu_0001|18808772788237|303|3|25|18808473354640|BCF38326AC6CFCED256A82714FDEAC3D', '0', '2018-09-29 17:10:01', null);
INSERT INTO `log_pay` VALUES ('1391025132830725', '1241759715329', '18808772788237', 'zhongfu_11', 'zhongfu_0001', '18808473354630', '0020180929162331898011', '168', '3', '104', '1241759715329|zhongfu_0001|18808772788237|104|3|168|18808473354630|74ECDBFE9D75768B500248F15091FD30', '0', '2018-09-29 17:10:02', null);
INSERT INTO `log_pay` VALUES ('1391025132830726', '1241759715329', '18808772788237', 'zhongfu_11', 'zhongfu_0001', '18808473354631', '0020180929164458758680', '168', '3', '104', '1241759715329|zhongfu_0001|18808772788237|104|3|168|18808473354631|1C5137EEE0F66D617DA3E51D591E0671', '0', '2018-09-29 17:10:02', null);
INSERT INTO `log_pay` VALUES ('1391025132830727', '1241759715329', '18808772788237', 'zhongfu_11', 'zhongfu_0001', '18808473354633', '0020180929165048299816', '98', '3', '103', '1241759715329|zhongfu_0001|18808772788237|103|3|98|18808473354633|EED5F67A793F25A7D7C9BBD99436323E', '0', '2018-09-29 17:10:02', null);
INSERT INTO `log_pay` VALUES ('1391025132830728', '1241759715329', '18808772788237', 'zhongfu_11', 'zhongfu_0001', '18808473354634', '0020180929170036426583', '6', '3', '101', '1241759715329|zhongfu_0001|18808772788237|101|3|6|18808473354634|F7FF1347103B378F20AF5DF6C9EF1198', '0', '2018-09-29 17:10:02', null);
INSERT INTO `log_pay` VALUES ('1391025132830729', '1241759715329', '18808772788237', 'zhongfu_11', 'zhongfu_0001', '18808473354626', '0020180929160529537343', '648', '3', '107', '1241759715329|zhongfu_0001|18808772788237|107|3|648|18808473354626|269B490A218712D19FD9C5612851C9E4', '0', '2018-09-29 17:40:10', null);
INSERT INTO `log_pay` VALUES ('1391025132830730', '1241759715329', '18808772788237', 'zhongfu_11', 'zhongfu_0001', '18808473354627', '0020180929160741119475', '25', '3', '303', '1241759715329|zhongfu_0001|18808772788237|303|3|25|18808473354627|18A86DF94B1148DD73F924E0E5FE3D85', '0', '2018-09-29 17:40:10', null);
INSERT INTO `log_pay` VALUES ('1391025132830731', '1241759715329', '18808772788237', 'zhongfu_11', 'zhongfu_0001', '18808473354628', '0020180929160806212663', '25', '3', '303', '1241759715329|zhongfu_0001|18808772788237|303|3|25|18808473354628|9CF0A60F4FD665E0782B931EC93409ED', '0', '2018-09-29 17:40:10', null);
INSERT INTO `log_pay` VALUES ('1391025132830732', '1241759715329', '18808772788237', 'zhongfu_11', 'zhongfu_0001', '18808473354629', '0020180929160854948800', '25', '3', '303', '1241759715329|zhongfu_0001|18808772788237|303|3|25|18808473354629|6E032E9DFE7AD52B82059D8FCFD4F680', '0', '2018-09-29 17:40:10', null);
INSERT INTO `log_pay` VALUES ('1391025132830733', '1241759715330', '18808772788238', 'zhongfu_11', 'zhongfu_0001', '18808473354644', '0020180929201543990075', '6', '3', '101', '1241759715330|zhongfu_0001|18808772788238|101|3|6|18808473354644|7D86215A9242E25DD8C71FB4D012D567', '0', '2018-09-29 20:16:49', null);
INSERT INTO `log_pay` VALUES ('1391025132830734', '1241759715330', '18808772788238', 'zhongfu_11', 'zhongfu_0001', '18808473354645', '0020180929201653382005', '30', '3', '102', '1241759715330|zhongfu_0001|18808772788238|102|3|30|18808473354645|E5AD3190C551D96961A0506287FD2AC5', '0', '2018-09-29 20:17:01', null);
INSERT INTO `log_pay` VALUES ('1391025132830735', '1241759715330', '18808772788238', 'zhongfu_11', 'zhongfu_0001', '18808473354646', '0020180929201702543301', '98', '3', '103', '1241759715330|zhongfu_0001|18808772788238|103|3|98|18808473354646|A80416130CE0A43EF8C2B1D7332C9DB7', '0', '2018-09-29 20:17:09', null);
INSERT INTO `log_pay` VALUES ('1391025132830736', '1241759715330', '18808772788238', 'zhongfu_11', 'zhongfu_0001', '18808473354647', '0020180929201711569071', '168', '3', '104', '1241759715330|zhongfu_0001|18808772788238|104|3|168|18808473354647|17ECFAC13B1A62EF5DC96DDCB209519A', '0', '2018-09-29 20:17:20', null);
INSERT INTO `log_pay` VALUES ('1391025132830737', '1241759715330', '18808772788238', 'zhongfu_11', 'zhongfu_0001', '18808473354648', '0020180929201721344975', '238', '3', '105', '1241759715330|zhongfu_0001|18808772788238|105|3|238|18808473354648|1D0677CDFDBD5C2903E610F149FEAE4C', '0', '2018-09-29 20:17:28', null);
INSERT INTO `log_pay` VALUES ('1391025132830738', '1241759715330', '18808772788238', 'zhongfu_11', 'zhongfu_0001', '18808473354649', '0020180929201729437693', '328', '3', '106', '1241759715330|zhongfu_0001|18808772788238|106|3|328|18808473354649|C113962C89BD06147726FE9EA9FFDA8B', '0', '2018-09-29 20:17:36', null);
INSERT INTO `log_pay` VALUES ('1391025132830739', '1241759715330', '18808772788238', 'zhongfu_11', 'zhongfu_0001', '18808473354650', '0020180929201739174124', '648', '3', '107', '1241759715330|zhongfu_0001|18808772788238|107|3|648|18808473354650|5F30B579BC9C7CB9A61CA1B808C7220A', '0', '2018-09-29 20:17:46', null);
INSERT INTO `log_pay` VALUES ('1391025132830740', '1241759715330', '18808772788238', 'zhongfu_11', 'zhongfu_0001', '18808473354651', '0020180929201800507456', '25', '3', '303', '1241759715330|zhongfu_0001|18808772788238|303|3|25|18808473354651|804B73566574613CE1AC51F008162666', '0', '2018-09-29 20:18:07', null);
INSERT INTO `log_pay` VALUES ('1391025132830741', '1241759715330', '18808772788238', 'zhongfu_11', 'zhongfu_0001', '18808473354652', '0020180929201809562598', '12', '3', '302', '1241759715330|zhongfu_0001|18808772788238|302|3|12|18808473354652|2AD99BCB978DA0EF323B3CD72368851B', '0', '2018-09-29 20:18:18', null);
INSERT INTO `log_pay` VALUES ('1391025132830742', '1241759715330', '18808772788238', 'zhongfu_11', 'zhongfu_0001', '18808473354653', '0020180929201820107747', '6', '3', '301', '1241759715330|zhongfu_0001|18808772788238|301|3|6|18808473354653|A4E4EB4DD9CF5FACD96B30C70A11756A', '0', '2018-09-29 20:18:27', null);
INSERT INTO `log_pay` VALUES ('1391025132830743', '1241759715330', '18808772788238', 'zhongfu_11', 'zhongfu_0001', '18808473354654', '0020180929202003894110', '6', '3', '101', '1241759715330|zhongfu_0001|18808772788238|101|3|6|18808473354654|1AE2B5D5C070D017CE08FB306F9ED1D7', '0', '2018-09-29 20:20:38', null);
INSERT INTO `log_pay` VALUES ('1391025132830744', '1241759715330', '18808772788238', 'zhongfu_11', 'zhongfu_0001', '18808473354656', '0020180929202137463814', '6', '3', '101', '1241759715330|zhongfu_0001|18808772788238|101|3|6|18808473354656|2828E06126F4F1FF2EAB96EB35A59BA8', '0', '2018-09-29 20:22:18', null);
INSERT INTO `log_pay` VALUES ('1408591203631105', '1216172658691', '18808358895619', 'zhongfu_1271', 'zhongfu_0001', '18808359944195', '201809201101184190', '6', '3', '101', 'amount=6.00&appid=1271&charid=18808358895619&cporderid=18808359944195&extinfo=1216172658691%257Czhongfu_0001%257C18808358895619%257C101%257C3%257C6%257C18808359944195%257CD99813AD9E74B4DC503B636F94E8603B&gold=0&orderid=201809201101184190&serverid=0&time=1537415162&uid=453413177383&sign=c29f118752c9bdc4602a38c939f0fa12', '0', '2018-09-20 11:46:02', null);
INSERT INTO `log_pay` VALUES ('1408591203631106', '1216172658692', '18808772788225', 'zhongfu_1271', 'zhongfu_0001', '18808473354251', '201809201406007390', '30', '3', '102', 'amount=30.00&appid=1271&charid=18808772788225&cporderid=18808473354251&extinfo=1216172658692%257Czhongfu_0001%257C18808772788225%257C102%257C3%257C30%257C18808473354251%257CCAC87CEC6C39C7485986BE9A14219AF8&gold=0&orderid=201809201406007390&serverid=0&time=1537423587&uid=450688134989&sign=19d7dfb770ef7c136acdfb3d5a53c3e6', '0', '2018-09-20 14:06:28', null);
INSERT INTO `log_pay` VALUES ('1725250507210753', '1216172658691', '18808358895619', 'zhongfu_1271', 'zhongfu_0001', '18808359944199', '201809201122565990', '6', '3', '101', 'amount=6.00&appid=1271&charid=18808358895619&cporderid=18808359944199&extinfo=1216172658691%257Czhongfu_0001%257C18808358895619%257C101%257C3%257C6%257C18808359944199%257C9E9BA74B28C2B21CBC35E310AD3958DA&gold=0&orderid=201809201122565990&serverid=0&time=1537413782&uid=453413177383&sign=e31b6af8b91b8921ca9923c0f5c1d179', '0', '2018-09-20 11:23:02', null);
INSERT INTO `log_pay` VALUES ('1725250507210754', '1216172658691', '18808358895619', 'zhongfu_1271', 'zhongfu_0001', '18808359944200', '201809201123333890', '6', '3', '101', 'amount=6.00&appid=1271&charid=18808358895619&cporderid=18808359944200&extinfo=1216172658691%257Czhongfu_0001%257C18808358895619%257C101%257C3%257C6%257C18808359944200%257C192FD5809AB42503E065BD0A6DCBCC1E&gold=0&orderid=201809201123333890&serverid=0&time=1537413834&uid=453413177383&sign=56f4b9cc04c0bf538a0df12a9d58ac9b', '0', '2018-09-20 11:23:55', null);
INSERT INTO `log_pay` VALUES ('1725250507210755', '1216172658691', '18808358895619', 'zhongfu_1271', 'zhongfu_0001', '18808359944198', '201809201119273090', '6', '3', '101', 'amount=6.00&appid=1271&charid=18808358895619&cporderid=18808359944198&extinfo=1216172658691%257Czhongfu_0001%257C18808358895619%257C101%257C3%257C6%257C18808359944198%257CFB99A569A928294A99315487E2328B29&gold=0&orderid=201809201119273090&serverid=0&time=1537413842&uid=453413177383&sign=75d7ff9ea4de4ecde4e80dc0a5de66ab', '0', '2018-09-20 11:24:02', null);
INSERT INTO `log_pay` VALUES ('1725250507210756', '1216172658691', '18808358895619', 'zhongfu_1271', 'zhongfu_0001', '18808359944196', '201809201113207090', '6', '3', '101', 'amount=6.00&appid=1271&charid=18808358895619&cporderid=18808359944196&extinfo=1216172658691%257Czhongfu_0001%257C18808358895619%257C101%257C3%257C6%257C18808359944196%257C810E625DE0D1FD57AE06018B95153DD3&gold=0&orderid=201809201113207090&serverid=0&time=1537413842&uid=453413177383&sign=891a127f7a542ba6e8f5e12b9bf484d4', '0', '2018-09-20 11:24:02', null);

-- ----------------------------
-- Table structure for t_app_item
-- ----------------------------
DROP TABLE IF EXISTS `t_app_item`;
CREATE TABLE `t_app_item` (
  `APP_ITEM_ID` int(255) NOT NULL AUTO_INCREMENT,
  `APP_PLAYER_ID` int(255) NOT NULL COMMENT '申请人ID',
  `NAME` varchar(255) NOT NULL,
  `APP_TYPE` int(255) NOT NULL COMMENT '发送指定类型(0: 全服发送 1：单服 2： 指定玩家)',
  `GAME_SITE` varchar(255) NOT NULL COMMENT '游戏地址',
  `PLAYER_ID_LIST` varchar(255) NOT NULL COMMENT '玩家列表',
  `APP_DATE` datetime NOT NULL COMMENT '申请时间',
  `ITEMLIST` varchar(2048) NOT NULL,
  `CONTENT` varchar(5012) NOT NULL COMMENT '内容',
  `DETAIL` varchar(5012) NOT NULL COMMENT '详情',
  `REASON` varchar(2048) NOT NULL COMMENT '原因',
  `STATE` int(3) NOT NULL COMMENT '申请状态',
  `STATE_INFO` varchar(1024) DEFAULT NULL,
  `TITLE` varchar(1024) NOT NULL COMMENT '邮件标题',
  `AGENT` varchar(255) NOT NULL COMMENT '运营商',
  PRIMARY KEY (`APP_ITEM_ID`)
) ENGINE=InnoDB DEFAULT CHARSET=utf8;

-- ----------------------------
-- Records of t_app_item
-- ----------------------------

-- ----------------------------
-- Table structure for t_authority
-- ----------------------------
DROP TABLE IF EXISTS `t_authority`;
CREATE TABLE `t_authority` (
  `AUTHORITY_ID` int(11) NOT NULL AUTO_INCREMENT,
  `NAME` varchar(64) NOT NULL,
  `FUNCTION_TYPE` int(11) DEFAULT NULL,
  `FUNCTION_NAME` varchar(64) NOT NULL COMMENT '功能名',
  `TYPE` int(11) NOT NULL,
  PRIMARY KEY (`AUTHORITY_ID`)
) ENGINE=InnoDB AUTO_INCREMENT=19 DEFAULT CHARSET=utf8 COMMENT='权限表';

-- ----------------------------
-- Records of t_authority
-- ----------------------------
INSERT INTO `t_authority` VALUES ('1', '用户管理', '101', '用户管理', '1');
INSERT INTO `t_authority` VALUES ('2', '用户管理', '102', '权限管理', '1');
INSERT INTO `t_authority` VALUES ('3', '用户管理', '103', '日志查询', '1');
INSERT INTO `t_authority` VALUES ('4', '玩家管理', '201', '玩家管理', '2');
INSERT INTO `t_authority` VALUES ('5', '玩家管理', '202', '封停IP', '2');
INSERT INTO `t_authority` VALUES ('6', '物品发放', '301', '发送物品申请', '3');
INSERT INTO `t_authority` VALUES ('7', '物品发放', '302', '发放审核管理', '3');
INSERT INTO `t_authority` VALUES ('8', '物品发放', '303', '发放日志列表', '3');
INSERT INTO `t_authority` VALUES ('9', '数据查询', '401', 'SQL执行', '4');
INSERT INTO `t_authority` VALUES ('10', '数据查询', '402', '查询列表', '4');
INSERT INTO `t_authority` VALUES ('11', '数据查询', '403', '操作日志', '4');
INSERT INTO `t_authority` VALUES ('12', '数据处理', '501', '数据处理', '5');
INSERT INTO `t_authority` VALUES ('13', '数据处理', '502', '及时系统公告', '5');
INSERT INTO `t_authority` VALUES ('14', '数据处理', '503', '定时系统公告', '5');
INSERT INTO `t_authority` VALUES ('15', '用户管理', '104', '角色管理', '1');
INSERT INTO `t_authority` VALUES ('16', '玩家管理', '203', '发送邮件', '2');
INSERT INTO `t_authority` VALUES ('17', '数据监控', '601', '聊天监控', '6');
INSERT INTO `t_authority` VALUES ('18', '服务器管理', '100', '服务器管理', '7');

-- ----------------------------
-- Table structure for t_opt_log
-- ----------------------------
DROP TABLE IF EXISTS `t_opt_log`;
CREATE TABLE `t_opt_log` (
  `LOG_ID` int(11) NOT NULL AUTO_INCREMENT COMMENT '日志编号',
  `USER_ID` int(11) NOT NULL COMMENT '用户编号',
  `USER_NAME` varchar(32) NOT NULL COMMENT '用户',
  `OPT` int(11) NOT NULL COMMENT '操作编号',
  `OPT_IP` varchar(32) NOT NULL COMMENT '操作IP',
  `CONTENT` varchar(1024) NOT NULL COMMENT '操作内容',
  `DETAIL` varchar(2048) NOT NULL COMMENT '详情',
  `CREATE_TIME` datetime NOT NULL COMMENT '创建时间',
  PRIMARY KEY (`LOG_ID`),
  KEY `USER_ID` (`USER_ID`) USING BTREE
) ENGINE=InnoDB AUTO_INCREMENT=2 DEFAULT CHARSET=utf8 COMMENT='操作日志表';

-- ----------------------------
-- Records of t_opt_log
-- ----------------------------
INSERT INTO `t_opt_log` VALUES ('1', '1', 'qidian', '1', 'null', '用户登陆', 'qidian登陆了', '2018-09-26 18:05:05');

-- ----------------------------
-- Table structure for t_role
-- ----------------------------
DROP TABLE IF EXISTS `t_role`;
CREATE TABLE `t_role` (
  `ROLE_ID` int(11) NOT NULL AUTO_INCREMENT COMMENT '角色编号',
  `NAME` varchar(64) NOT NULL COMMENT '角色名字',
  PRIMARY KEY (`ROLE_ID`)
) ENGINE=InnoDB AUTO_INCREMENT=6 DEFAULT CHARSET=utf8 COMMENT='角色表';

-- ----------------------------
-- Records of t_role
-- ----------------------------
INSERT INTO `t_role` VALUES ('1', '系统管理员');
INSERT INTO `t_role` VALUES ('2', '超级GM');
INSERT INTO `t_role` VALUES ('3', '运营');
INSERT INTO `t_role` VALUES ('4', '技术');
INSERT INTO `t_role` VALUES ('5', '运维');

-- ----------------------------
-- Table structure for t_role_authority
-- ----------------------------
DROP TABLE IF EXISTS `t_role_authority`;
CREATE TABLE `t_role_authority` (
  `ROLE_AUTHORITY_ID` int(11) NOT NULL AUTO_INCREMENT COMMENT '角色权限编号',
  `ROLE_ID` int(11) NOT NULL COMMENT '角色编号',
  `AUTHORITY_ID` int(11) NOT NULL COMMENT '权限编号',
  PRIMARY KEY (`ROLE_AUTHORITY_ID`)
) ENGINE=InnoDB AUTO_INCREMENT=227 DEFAULT CHARSET=utf8 COMMENT='角色权限表';

-- ----------------------------
-- Records of t_role_authority
-- ----------------------------
INSERT INTO `t_role_authority` VALUES ('150', '1', '1');
INSERT INTO `t_role_authority` VALUES ('151', '1', '2');
INSERT INTO `t_role_authority` VALUES ('152', '1', '3');
INSERT INTO `t_role_authority` VALUES ('153', '1', '4');
INSERT INTO `t_role_authority` VALUES ('154', '1', '5');
INSERT INTO `t_role_authority` VALUES ('155', '1', '6');
INSERT INTO `t_role_authority` VALUES ('156', '1', '7');
INSERT INTO `t_role_authority` VALUES ('157', '1', '8');
INSERT INTO `t_role_authority` VALUES ('158', '1', '9');
INSERT INTO `t_role_authority` VALUES ('159', '1', '10');
INSERT INTO `t_role_authority` VALUES ('160', '1', '11');
INSERT INTO `t_role_authority` VALUES ('161', '1', '12');
INSERT INTO `t_role_authority` VALUES ('162', '1', '13');
INSERT INTO `t_role_authority` VALUES ('163', '1', '14');
INSERT INTO `t_role_authority` VALUES ('164', '1', '15');
INSERT INTO `t_role_authority` VALUES ('165', '1', '16');
INSERT INTO `t_role_authority` VALUES ('166', '1', '17');
INSERT INTO `t_role_authority` VALUES ('167', '1', '18');
INSERT INTO `t_role_authority` VALUES ('190', '3', '4');
INSERT INTO `t_role_authority` VALUES ('191', '3', '5');
INSERT INTO `t_role_authority` VALUES ('192', '3', '6');
INSERT INTO `t_role_authority` VALUES ('193', '3', '7');
INSERT INTO `t_role_authority` VALUES ('194', '3', '8');
INSERT INTO `t_role_authority` VALUES ('195', '3', '13');
INSERT INTO `t_role_authority` VALUES ('196', '3', '14');
INSERT INTO `t_role_authority` VALUES ('197', '3', '16');
INSERT INTO `t_role_authority` VALUES ('198', '3', '17');
INSERT INTO `t_role_authority` VALUES ('199', '4', '4');
INSERT INTO `t_role_authority` VALUES ('200', '4', '5');
INSERT INTO `t_role_authority` VALUES ('201', '4', '6');
INSERT INTO `t_role_authority` VALUES ('202', '4', '8');
INSERT INTO `t_role_authority` VALUES ('203', '4', '13');
INSERT INTO `t_role_authority` VALUES ('204', '4', '14');
INSERT INTO `t_role_authority` VALUES ('205', '4', '16');
INSERT INTO `t_role_authority` VALUES ('206', '4', '17');
INSERT INTO `t_role_authority` VALUES ('207', '5', '4');
INSERT INTO `t_role_authority` VALUES ('208', '5', '5');
INSERT INTO `t_role_authority` VALUES ('209', '5', '6');
INSERT INTO `t_role_authority` VALUES ('210', '5', '8');
INSERT INTO `t_role_authority` VALUES ('211', '5', '13');
INSERT INTO `t_role_authority` VALUES ('212', '5', '14');
INSERT INTO `t_role_authority` VALUES ('213', '5', '16');
INSERT INTO `t_role_authority` VALUES ('214', '5', '17');
INSERT INTO `t_role_authority` VALUES ('215', '5', '18');
INSERT INTO `t_role_authority` VALUES ('216', '2', '1');
INSERT INTO `t_role_authority` VALUES ('217', '2', '2');
INSERT INTO `t_role_authority` VALUES ('218', '2', '3');
INSERT INTO `t_role_authority` VALUES ('219', '2', '4');
INSERT INTO `t_role_authority` VALUES ('220', '2', '5');
INSERT INTO `t_role_authority` VALUES ('221', '2', '6');
INSERT INTO `t_role_authority` VALUES ('222', '2', '7');
INSERT INTO `t_role_authority` VALUES ('223', '2', '8');
INSERT INTO `t_role_authority` VALUES ('224', '2', '13');
INSERT INTO `t_role_authority` VALUES ('225', '2', '15');
INSERT INTO `t_role_authority` VALUES ('226', '2', '16');

-- ----------------------------
-- Table structure for t_user_dataanalysis
-- ----------------------------
DROP TABLE IF EXISTS `t_user_dataanalysis`;
CREATE TABLE `t_user_dataanalysis` (
  `USER_ID` int(11) NOT NULL AUTO_INCREMENT COMMENT '用户编号',
  `USER_NAME` varchar(32) NOT NULL COMMENT '用户名',
  `PASSWORD` varchar(32) NOT NULL COMMENT '密码',
  `AGENT` varchar(16) NOT NULL DEFAULT '广游' COMMENT '代理商',
  `SITE` varchar(32) NOT NULL DEFAULT 'qdgame' COMMENT '站点',
  `ROLE_ID` int(11) NOT NULL COMMENT '角色编号',
  `STATE` tinyint(2) NOT NULL DEFAULT '1' COMMENT '状态(1.正常,2禁用)',
  `DELETE_FLAG` tinyint(2) NOT NULL DEFAULT '0' COMMENT '删除标记(0.未删 1.删除)',
  `CREATE_TIME` datetime NOT NULL COMMENT '创建时间',
  PRIMARY KEY (`USER_ID`,`USER_NAME`),
  UNIQUE KEY `username` (`USER_NAME`) USING BTREE
) ENGINE=InnoDB AUTO_INCREMENT=4 DEFAULT CHARSET=utf8 COMMENT='数据分析账号表';

-- ----------------------------
-- Records of t_user_dataanalysis
-- ----------------------------
INSERT INTO `t_user_dataanalysis` VALUES ('1', 'qidian', 'ken123', 'zhongfu', 'zhongfu', '1', '1', '0', '2017-08-12 18:20:22');
INSERT INTO `t_user_dataanalysis` VALUES ('2', 'admin', 'sktb2017', 'zhongfu', 'zhongfu', '1', '1', '0', '2017-08-18 17:23:02');
INSERT INTO `t_user_dataanalysis` VALUES ('3', 'yunying', '123456', 'zhongfu', 'zhongfu', '1', '1', '0', '2018-09-26 18:14:38');

-- ----------------------------
-- Table structure for t_user_gcc
-- ----------------------------
DROP TABLE IF EXISTS `t_user_gcc`;
CREATE TABLE `t_user_gcc` (
  `USER_ID` int(11) NOT NULL AUTO_INCREMENT COMMENT '用户编号',
  `USER_NAME` varchar(32) NOT NULL COMMENT '用户名',
  `PASSWORD` varchar(32) NOT NULL COMMENT '密码',
  `AGENT` varchar(512) NOT NULL DEFAULT 'sk' COMMENT '代理商',
  `SITE` varchar(32) NOT NULL DEFAULT 'sk' COMMENT '站点',
  `ROLE_ID` int(11) NOT NULL COMMENT '角色编号',
  `STATE` tinyint(2) NOT NULL DEFAULT '1' COMMENT '状态(1.正常,2禁用)',
  `DELETE_FLAG` tinyint(2) NOT NULL DEFAULT '0' COMMENT '删除标记(0.未删 1.删除)',
  `CREATE_TIME` datetime NOT NULL COMMENT '创建时间',
  PRIMARY KEY (`USER_ID`,`USER_NAME`),
  UNIQUE KEY `username` (`USER_NAME`) USING BTREE
) ENGINE=InnoDB AUTO_INCREMENT=6 DEFAULT CHARSET=utf8 COMMENT='后台账号表';

-- ----------------------------
-- Records of t_user_gcc
-- ----------------------------
INSERT INTO `t_user_gcc` VALUES ('1', 'qidian', 'ken123', 'zhongfu', 'zhongfu', '1', '1', '0', '2016-05-18 21:22:05');
INSERT INTO `t_user_gcc` VALUES ('2', 'admin', '123456', 'zhongfu', 'zhongfu', '2', '1', '0', '2017-07-25 18:59:36');
INSERT INTO `t_user_gcc` VALUES ('3', 'yunying', '123456', 'zhongfu', 'zhongfu', '3', '1', '0', '2017-07-25 19:00:43');
INSERT INTO `t_user_gcc` VALUES ('4', 'jishu', '123456', 'zhongfu', 'zhongfu', '4', '1', '0', '2017-07-25 19:01:35');
INSERT INTO `t_user_gcc` VALUES ('5', 'yunwei', '123456', 'zhongfu', 'zhongfu', '5', '1', '0', '2017-07-25 19:01:57');
